iter	Logloss
0	0.6706554681
1	0.6527233559
2	0.6369376414
3	0.6194977478
4	0.6068567851
5	0.5959580864
6	0.58675046
7	0.5764341652
8	0.5695851079
9	0.5616839873
10	0.5556931279
11	0.5493467483
12	0.5424140692
13	0.5367322792
14	0.5319707549
15	0.52648075
16	0.5226232731
17	0.5178270315
18	0.5129733591
19	0.5081738772
20	0.505256258
21	0.5015903332
22	0.4974937907
23	0.4938884699
24	0.4913505481
25	0.4886268223
26	0.4842006456
27	0.480975221
