model,K,meanK,SE,hits@20%,AUC,linear,selected
LightGBM,14,195.12,0.977507033222778,206,0.7842872156358796,False,True
XGBoost,17,192.6,0.9533100230250366,199,0.7891156837547613,False,False
CatBoost,14,190.32,0.9253755994189624,191,0.7899918213162326,False,False
LDA,30,182.6,0.13856406460551213,186,0.7575080631952931,True,False
LogReg,29,181.35999999999999,0.5227618960865459,184,0.7654048500959605,True,False
